"e_id","date","swipe_in","swipe_out"
1,"2018-05-02","16:00:00","20:00:00"
1,"2018-05-04","16:00:00","20:00:00"
1,"2018-05-07","16:00:00","20:00:00"
1,"2018-05-09",NULL,NULL
1,"2018-05-11","16:00:00","20:00:00"
1,"2018-05-14","16:30:00","20:00:00"
1,"2018-05-16","16:00:00","20:00:00"
1,"2018-05-18","16:00:00","20:00:00"
1,"2018-05-21",NULL,NULL
1,"2018-05-23","16:00:00","20:00:00"
1,"2018-05-25","16:00:00","20:00:00"
1,"2018-05-28","16:00:00","20:00:00"
1,"2018-05-30","16:00:00","20:00:00"
1,"2018-06-01","16:00:00","20:00:00"
1,"2018-06-04","16:00:00","20:00:00"
1,"2018-06-06",NULL,NULL
1,"2018-06-08","16:00:00","20:00:00"
1,"2018-06-11","16:00:00","20:00:00"
1,"2018-06-13","16:00:00","20:00:00"
1,"2018-06-15",NULL,NULL
1,"2018-06-18","16:00:00","20:00:00"
1,"2018-06-20","17:15:00","20:00:00"
1,"2018-06-22","16:00:00","20:00:00"
1,"2018-06-25","16:00:00","20:00:00"
1,"2018-06-27","16:00:00","20:00:00"
1,"2018-06-29","16:00:00","20:00:00"
2,"2018-05-02","16:00:00","20:00:00"
2,"2018-05-04","16:00:00","20:00:00"
2,"2018-05-07","16:00:00","20:00:00"
2,"2018-05-09","16:00:00","20:00:00"
2,"2018-05-11","16:00:00","20:00:00"
2,"2018-05-14",NULL,NULL
2,"2018-05-16","16:00:00","20:00:00"
2,"2018-05-18","16:00:00","20:00:00"
2,"2018-05-21","16:00:00","20:00:00"
2,"2018-05-23","16:00:00","20:00:00"
2,"2018-05-25","16:00:00","20:00:00"
2,"2018-05-28",NULL,NULL
2,"2018-05-30","16:00:00","20:00:00"
2,"2018-06-01","16:00:00","20:00:00"
2,"2018-06-04","16:00:00","20:00:00"
2,"2018-06-06","16:00:00","20:00:00"
2,"2018-06-08","16:00:00","20:00:00"
2,"2018-06-11","16:00:00","20:00:00"
2,"2018-06-13","16:00:00","20:00:00"
2,"2018-06-15","16:00:00","20:00:00"
2,"2018-06-18",NULL,NULL
2,"2018-06-20",NULL,NULL
2,"2018-06-22","16:00:00","20:00:00"
2,"2018-06-25","16:00:00","20:00:00"
2,"2018-06-27","16:00:00","20:00:00"
2,"2018-06-29","16:00:00","20:00:00"
3,"2018-05-02","16:00:00","20:00:00"
3,"2018-05-04","16:00:00","20:00:00"
3,"2018-05-07","16:00:00","20:00:00"
3,"2018-05-09","16:00:00","20:00:00"
3,"2018-05-11","16:00:00","20:00:00"
3,"2018-05-14","16:00:00","20:00:00"
3,"2018-05-16","16:00:00","20:00:00"
3,"2018-05-18","16:00:00","20:00:00"
3,"2018-05-21","16:00:00","20:00:00"
3,"2018-05-23","16:00:00","20:00:00"
3,"2018-05-25","16:00:00","20:00:00"
3,"2018-05-28","16:00:00","20:00:00"
3,"2018-05-30","16:00:00","20:00:00"
3,"2018-06-01",NULL,NULL
3,"2018-06-04",NULL,NULL
3,"2018-06-06",NULL,NULL
3,"2018-06-08",NULL,NULL
3,"2018-06-11",NULL,NULL
3,"2018-06-13","16:00:00","20:00:00"
3,"2018-06-15","16:00:00","20:00:00"
3,"2018-06-18","16:00:00","20:00:00"
3,"2018-06-20","16:00:00","20:00:00"
3,"2018-06-22","16:00:00","20:00:00"
3,"2018-06-25","16:00:00","20:00:00"
3,"2018-06-27","16:00:00","20:00:00"
3,"2018-06-29","16:00:00","20:00:00"
4,"2018-05-02","16:00:00","20:00:00"
4,"2018-05-04","16:00:00","20:00:00"
4,"2018-05-07","16:00:00","20:00:00"
4,"2018-05-09","16:00:00","20:00:00"
4,"2018-05-11","16:00:00","20:00:00"
4,"2018-05-14","16:00:00","20:00:00"
4,"2018-05-16","16:00:00","20:00:00"
4,"2018-05-18","16:00:00","20:00:00"
4,"2018-05-21","16:00:00","20:00:00"
4,"2018-05-23","16:00:00","20:00:00"
4,"2018-05-25","16:00:00","20:00:00"
4,"2018-05-28","16:00:00","20:00:00"
4,"2018-05-30","16:00:00","20:00:00"
4,"2018-06-01","16:00:00","20:00:00"
4,"2018-06-04","16:00:00","20:00:00"
4,"2018-06-06","16:00:00","20:00:00"
4,"2018-06-08","16:00:00","20:00:00"
4,"2018-06-11","16:00:00","20:00:00"
4,"2018-06-13","16:00:00","20:00:00"
4,"2018-06-15","16:00:00","20:00:00"
4,"2018-06-18","16:00:00","20:00:00"
4,"2018-06-20","16:00:00","20:00:00"
4,"2018-06-22","16:00:00","20:00:00"
4,"2018-06-25","16:00:00","20:00:00"
4,"2018-06-27","16:00:00","20:00:00"
4,"2018-06-29","16:00:00","20:00:00"
5,"2018-05-02","16:00:00","20:00:00"
5,"2018-05-04","16:00:00","20:00:00"
5,"2018-05-07","16:00:00","20:00:00"
5,"2018-05-09","16:00:00","20:00:00"
5,"2018-05-11","16:00:00","20:00:00"
5,"2018-05-14","16:00:00","20:00:00"
5,"2018-05-16","16:00:00","20:00:00"
5,"2018-05-18","16:00:00","20:00:00"
5,"2018-05-21","16:00:00","20:00:00"
5,"2018-05-23","16:00:00","20:00:00"
5,"2018-05-25","16:00:00","20:00:00"
5,"2018-05-28","16:00:00","20:00:00"
5,"2018-05-30","16:00:00","20:00:00"
5,"2018-06-01","16:00:00","20:00:00"
5,"2018-06-04","16:00:00","20:00:00"
5,"2018-06-06","16:00:00","20:00:00"
5,"2018-06-08","16:00:00","20:00:00"
5,"2018-06-11","16:00:00","20:00:00"
5,"2018-06-13","16:00:00","20:00:00"
5,"2018-06-15","16:00:00","20:00:00"
5,"2018-06-18","16:00:00","20:00:00"
5,"2018-06-20","16:00:00","20:00:00"
5,"2018-06-22","16:00:00","20:00:00"
5,"2018-06-25","16:00:00","20:00:00"
5,"2018-06-27","16:00:00","20:00:00"
5,"2018-06-29","16:00:00","20:00:00"
6,"2018-05-02","16:00:00","20:00:00"
6,"2018-05-04","16:00:00","20:00:00"
6,"2018-05-07","16:00:00","20:00:00"
6,"2018-05-09","16:00:00","20:00:00"
6,"2018-05-11","16:00:00","20:00:00"
6,"2018-05-14","16:00:00","20:00:00"
6,"2018-05-16","16:00:00","20:00:00"
6,"2018-05-18","16:00:00","20:00:00"
6,"2018-05-21","16:00:00","20:00:00"
6,"2018-05-23","16:00:00","20:00:00"
6,"2018-05-25","16:00:00","20:00:00"
6,"2018-05-28","16:00:00","20:00:00"
6,"2018-05-30","16:00:00","20:00:00"
6,"2018-06-01","16:00:00","20:00:00"
6,"2018-06-04","16:00:00","20:00:00"
6,"2018-06-06","16:00:00","20:00:00"
6,"2018-06-08","16:00:00","20:00:00"
6,"2018-06-11","16:00:00","20:00:00"
6,"2018-06-13","16:00:00","20:00:00"
6,"2018-06-15","16:00:00","20:00:00"
6,"2018-06-18","16:00:00","20:00:00"
6,"2018-06-20","16:00:00","20:00:00"
6,"2018-06-22","16:00:00","20:00:00"
6,"2018-06-25","16:00:00","20:00:00"
6,"2018-06-27","16:00:00","20:00:00"
6,"2018-06-29","16:00:00","20:00:00"
7,"2018-05-02","16:00:00","20:00:00"
7,"2018-05-04","16:00:00","20:00:00"
7,"2018-05-07","16:00:00","20:00:00"
7,"2018-05-09","16:00:00","20:00:00"
7,"2018-05-11","16:00:00","20:00:00"
7,"2018-05-14","16:00:00","20:00:00"
7,"2018-05-16","16:00:00","20:00:00"
7,"2018-05-18","16:00:00","20:00:00"
7,"2018-05-21","16:00:00","20:00:00"
7,"2018-05-23","16:00:00","20:00:00"
7,"2018-05-25","16:00:00","20:00:00"
7,"2018-05-28","16:00:00","20:00:00"
7,"2018-05-30","16:00:00","20:00:00"
7,"2018-06-01","16:00:00","20:00:00"
7,"2018-06-04","16:00:00","20:00:00"
7,"2018-06-06","16:00:00","20:00:00"
7,"2018-06-08","16:00:00","20:00:00"
7,"2018-06-11","16:00:00","20:00:00"
7,"2018-06-13","16:00:00","20:00:00"
7,"2018-06-15","16:00:00","20:00:00"
7,"2018-06-18","16:00:00","20:00:00"
7,"2018-06-20","16:00:00","20:00:00"
7,"2018-06-22","16:00:00","20:00:00"
7,"2018-06-25","16:00:00","20:00:00"
7,"2018-06-27","16:00:00","20:00:00"
7,"2018-06-29","16:00:00","20:00:00"
8,"2018-05-02","16:00:00","20:00:00"
8,"2018-05-04","16:00:00","20:00:00"
8,"2018-05-07","16:00:00","20:00:00"
8,"2018-05-09","16:00:00","20:00:00"
8,"2018-05-11","16:00:00","20:00:00"
8,"2018-05-14","16:00:00","20:00:00"
8,"2018-05-16","16:00:00","20:00:00"
8,"2018-05-18","16:00:00","20:00:00"
8,"2018-05-21","16:00:00","20:00:00"
8,"2018-05-23","16:00:00","20:00:00"
8,"2018-05-25","16:00:00","20:00:00"
8,"2018-05-28","16:00:00","20:00:00"
8,"2018-05-30","16:00:00","20:00:00"
8,"2018-06-01","16:00:00","20:00:00"
8,"2018-06-04","16:00:00","20:00:00"
8,"2018-06-06","16:00:00","20:00:00"
8,"2018-06-08","16:00:00","20:00:00"
8,"2018-06-11","16:00:00","20:00:00"
8,"2018-06-13","16:00:00","20:00:00"
8,"2018-06-15","16:00:00","20:00:00"
8,"2018-06-18","16:00:00","20:00:00"
8,"2018-06-20","16:00:00","20:00:00"
8,"2018-06-22","16:00:00","20:00:00"
8,"2018-06-25","16:00:00","20:00:00"
8,"2018-06-27","16:00:00","20:00:00"
8,"2018-06-29","16:00:00","20:00:00"
9,"2018-05-01","16:00:00","20:00:00"
9,"2018-05-03","16:00:00","20:00:00"
9,"2018-05-05","16:00:00","20:00:00"
9,"2018-05-08","16:00:00","20:00:00"
9,"2018-05-10","16:00:00","20:00:00"
9,"2018-05-12","16:00:00","20:00:00"
9,"2018-05-15","16:00:00","20:00:00"
9,"2018-05-17","16:00:00","20:00:00"
9,"2018-05-19","16:00:00","20:00:00"
9,"2018-05-22","16:00:00","20:00:00"
9,"2018-05-24","16:00:00","20:00:00"
9,"2018-06-02","16:00:00","20:00:00"
9,"2018-06-05","16:00:00","20:00:00"
9,"2018-06-07","16:00:00","20:00:00"
9,"2018-06-09","16:00:00","20:00:00"
9,"2018-06-12","16:00:00","20:00:00"
9,"2018-06-14","16:00:00","20:00:00"
9,"2018-06-16","16:00:00","20:00:00"
9,"2018-06-19","16:00:00","20:00:00"
9,"2018-06-21","16:00:00","20:00:00"
9,"2018-06-23","16:00:00","20:00:00"
9,"2018-06-26","16:00:00","20:00:00"
9,"2018-06-28","16:00:00","20:00:00"
9,"2018-06-30","16:00:00","20:00:00"
10,"2018-05-01","16:00:00","20:00:00"
10,"2018-05-03","16:00:00","20:00:00"
10,"2018-05-05","16:00:00","20:00:00"
10,"2018-05-08","16:00:00","20:00:00"
10,"2018-05-10","16:00:00","20:00:00"
10,"2018-05-12","16:00:00","20:00:00"
10,"2018-05-15","16:00:00","20:00:00"
10,"2018-05-17","16:00:00","20:00:00"
10,"2018-05-19","16:00:00","20:00:00"
10,"2018-05-22","16:00:00","20:00:00"
10,"2018-05-24","16:00:00","20:00:00"
10,"2018-05-26","16:00:00","20:00:00"
10,"2018-05-29","16:00:00","20:00:00"
10,"2018-05-31","16:00:00","20:00:00"
10,"2018-06-02","16:00:00","20:00:00"
10,"2018-06-05","16:00:00","20:00:00"
10,"2018-06-07","16:00:00","20:00:00"
10,"2018-06-09","16:00:00","20:00:00"
10,"2018-06-12","16:00:00","20:00:00"
10,"2018-06-14","16:00:00","20:00:00"
10,"2018-06-16","16:00:00","20:00:00"
10,"2018-06-19","16:00:00","20:00:00"
10,"2018-06-21","16:00:00","20:00:00"
10,"2018-06-23","16:00:00","20:00:00"
10,"2018-06-26","16:00:00","20:00:00"
10,"2018-06-28","16:00:00","20:00:00"
10,"2018-06-30","16:00:00","20:00:00"
11,"2018-05-01","16:00:00","20:00:00"
11,"2018-05-03","16:00:00","20:00:00"
11,"2018-05-05","16:00:00","20:00:00"
11,"2018-05-08","16:00:00","20:00:00"
11,"2018-05-10","16:00:00","20:00:00"
11,"2018-05-12","16:00:00","20:00:00"
11,"2018-05-15","16:00:00","20:00:00"
11,"2018-05-17","16:00:00","20:00:00"
11,"2018-05-19","16:00:00","20:00:00"
11,"2018-05-22","16:00:00","20:00:00"
11,"2018-05-24","16:00:00","20:00:00"
11,"2018-05-26","16:00:00","20:00:00"
11,"2018-05-29","16:00:00","20:00:00"
11,"2018-05-31","16:00:00","20:00:00"
11,"2018-06-02","16:00:00","20:00:00"
11,"2018-06-05","16:00:00","20:00:00"
11,"2018-06-07","16:00:00","20:00:00"
11,"2018-06-09","16:00:00","20:00:00"
11,"2018-06-12","16:00:00","20:00:00"
11,"2018-06-14","16:00:00","20:00:00"
11,"2018-06-16","16:00:00","20:00:00"
11,"2018-06-19","16:00:00","20:00:00"
11,"2018-06-21","16:00:00","20:00:00"
11,"2018-06-23","16:00:00","20:00:00"
11,"2018-06-26","16:00:00","20:00:00"
11,"2018-06-28","16:00:00","20:00:00"
11,"2018-06-30","16:00:00","20:00:00"
12,"2018-05-01","16:00:00","20:00:00"
12,"2018-05-03","16:00:00","20:00:00"
12,"2018-05-05","16:00:00","20:00:00"
12,"2018-05-08","16:00:00","20:00:00"
12,"2018-05-10","16:00:00","20:00:00"
12,"2018-05-12","16:00:00","20:00:00"
12,"2018-05-15","16:00:00","20:00:00"
12,"2018-05-17","16:00:00","20:00:00"
12,"2018-05-19","16:00:00","20:00:00"
12,"2018-05-22","16:00:00","20:00:00"
12,"2018-05-24","16:00:00","20:00:00"
12,"2018-05-26","16:00:00","20:00:00"
12,"2018-05-29","16:00:00","20:00:00"
12,"2018-05-31","16:00:00","20:00:00"
12,"2018-06-02","16:00:00","20:00:00"
12,"2018-06-05","16:00:00","20:00:00"
12,"2018-06-07","16:00:00","20:00:00"
12,"2018-06-09","16:00:00","20:00:00"
12,"2018-06-12","16:00:00","20:00:00"
12,"2018-06-14","16:00:00","20:00:00"
12,"2018-06-16","16:00:00","20:00:00"
12,"2018-06-19","16:00:00","20:00:00"
12,"2018-06-21","16:00:00","20:00:00"
12,"2018-06-23","16:00:00","20:00:00"
12,"2018-06-26","16:00:00","20:00:00"
12,"2018-06-28","16:00:00","20:00:00"
12,"2018-06-30","16:00:00","20:00:00"
13,"2018-05-01","16:00:00","20:00:00"
13,"2018-05-03","16:00:00","20:00:00"
13,"2018-05-05","16:00:00","20:00:00"
13,"2018-05-08","16:00:00","20:00:00"
13,"2018-05-10","16:00:00","20:00:00"
13,"2018-05-12","16:00:00","20:00:00"
13,"2018-05-15","16:00:00","20:00:00"
13,"2018-05-17","16:00:00","20:00:00"
13,"2018-05-19","16:00:00","20:00:00"
13,"2018-05-22","16:00:00","20:00:00"
13,"2018-05-24","16:00:00","20:00:00"
13,"2018-05-26","16:00:00","20:00:00"
13,"2018-05-29","16:00:00","20:00:00"
13,"2018-05-31","16:00:00","20:00:00"
13,"2018-06-02","16:00:00","20:00:00"
13,"2018-06-05","16:00:00","20:00:00"
13,"2018-06-07","16:00:00","20:00:00"
13,"2018-06-09","16:00:00","20:00:00"
13,"2018-06-12","16:00:00","20:00:00"
13,"2018-06-14","16:00:00","20:00:00"
13,"2018-06-16","16:00:00","20:00:00"
13,"2018-06-19","16:00:00","20:00:00"
13,"2018-06-21","16:00:00","20:00:00"
13,"2018-06-23","16:00:00","20:00:00"
13,"2018-06-26","16:00:00","20:00:00"
13,"2018-06-28","16:00:00","20:00:00"
13,"2018-06-30","16:00:00","20:00:00"
14,"2018-05-01","16:00:00","20:00:00"
14,"2018-05-03","16:00:00","20:00:00"
14,"2018-05-05","16:00:00","20:00:00"
14,"2018-05-08","16:00:00","20:00:00"
14,"2018-05-10","16:00:00","20:00:00"
14,"2018-05-12","16:00:00","20:00:00"
14,"2018-05-15","16:00:00","20:00:00"
14,"2018-05-17","16:00:00","20:00:00"
14,"2018-05-19","16:00:00","20:00:00"
14,"2018-05-22","16:00:00","20:00:00"
14,"2018-05-24","16:00:00","20:00:00"
14,"2018-05-26","16:00:00","20:00:00"
14,"2018-05-29","16:00:00","20:00:00"
14,"2018-05-31","16:00:00","20:00:00"
14,"2018-06-02","16:00:00","20:00:00"
14,"2018-06-05","16:00:00","20:00:00"
14,"2018-06-07","16:00:00","20:00:00"
14,"2018-06-09","16:00:00","20:00:00"
14,"2018-06-12","16:00:00","20:00:00"
14,"2018-06-14","16:00:00","20:00:00"
14,"2018-06-16","16:00:00","20:00:00"
14,"2018-06-19","16:00:00","20:00:00"
14,"2018-06-21","16:00:00","20:00:00"
14,"2018-06-23","16:00:00","20:00:00"
14,"2018-06-26","16:00:00","20:00:00"
14,"2018-06-28","16:00:00","20:00:00"
14,"2018-06-30","16:00:00","20:00:00"
15,"2018-05-01","16:00:00","20:00:00"
15,"2018-05-03","16:00:00","20:00:00"
15,"2018-05-05","16:00:00","20:00:00"
15,"2018-05-08","16:00:00","20:00:00"
15,"2018-05-10","16:00:00","20:00:00"
15,"2018-05-12","16:00:00","20:00:00"
15,"2018-05-15","16:00:00","20:00:00"
15,"2018-05-17","16:00:00","20:00:00"
15,"2018-05-19","16:00:00","20:00:00"
15,"2018-05-22","16:00:00","20:00:00"
15,"2018-05-24","16:00:00","20:00:00"
15,"2018-05-26","16:00:00","20:00:00"
15,"2018-05-29","16:00:00","20:00:00"
15,"2018-05-31","16:00:00","20:00:00"
15,"2018-06-02","16:00:00","20:00:00"
15,"2018-06-05","16:00:00","20:00:00"
15,"2018-06-07","16:00:00","20:00:00"
15,"2018-06-09","16:00:00","20:00:00"
15,"2018-06-12","16:00:00","20:00:00"
15,"2018-06-14","16:00:00","20:00:00"
15,"2018-06-16","16:00:00","20:00:00"
15,"2018-06-19","16:00:00","20:00:00"
15,"2018-06-21","16:00:00","20:00:00"
15,"2018-06-23","16:00:00","20:00:00"
15,"2018-06-26","16:00:00","20:00:00"
15,"2018-06-28","16:00:00","20:00:00"
15,"2018-06-30","16:00:00","20:00:00"
16,"2018-05-03","10:00:00","15:00:00"
16,"2018-05-06","10:00:00","15:00:00"
16,"2018-05-07","10:00:00","15:00:00"
16,"2018-05-10","10:00:00","15:00:00"
16,"2018-05-13","10:00:00","15:00:00"
16,"2018-05-14","10:00:00","15:00:00"
16,"2018-05-17","10:00:00","15:00:00"
16,"2018-05-20","10:00:00","15:00:00"
16,"2018-05-21","10:00:00","15:00:00"
16,"2018-05-24","10:00:00","15:00:00"
16,"2018-05-27","10:00:00","15:00:00"
16,"2018-05-28","10:00:00","15:00:00"
16,"2018-05-31","10:00:00","15:00:00"
17,"2018-05-03","10:00:00","15:00:00"
17,"2018-05-06","10:00:00","15:00:00"
17,"2018-05-07","10:00:00","15:00:00"
17,"2018-05-10","10:00:00","15:00:00"
17,"2018-05-13","10:00:00","15:00:00"
17,"2018-05-14","10:00:00","15:00:00"
17,"2018-05-17","10:00:00","15:00:00"
17,"2018-05-20","10:00:00","15:00:00"
17,"2018-05-21","10:00:00","15:00:00"
17,"2018-05-24","10:00:00","15:00:00"
17,"2018-05-27","10:00:00","15:00:00"
17,"2018-05-28","10:00:00","15:00:00"
17,"2018-05-31","10:00:00","15:00:00"
18,"2018-05-03","10:00:00","15:00:00"
18,"2018-05-06","10:00:00","15:00:00"
18,"2018-05-07","10:00:00","15:00:00"
18,"2018-05-10","10:00:00","15:00:00"
18,"2018-05-13","10:00:00","15:00:00"
18,"2018-05-14","10:00:00","15:00:00"
18,"2018-05-17","10:00:00","15:00:00"
18,"2018-05-20","10:00:00","15:00:00"
18,"2018-05-21","10:00:00","15:00:00"
18,"2018-05-24","10:00:00","15:00:00"
18,"2018-05-27","10:00:00","15:00:00"
18,"2018-05-28","10:00:00","15:00:00"
18,"2018-05-31","10:00:00","15:00:00"
19,"2018-05-03","10:00:00","15:00:00"
19,"2018-05-06","10:00:00","15:00:00"
19,"2018-05-07","10:00:00","15:00:00"
19,"2018-05-10","10:00:00","15:00:00"
19,"2018-05-13","10:00:00","15:00:00"
19,"2018-05-14","10:00:00","15:00:00"
19,"2018-05-17","10:00:00","15:00:00"
19,"2018-05-20","10:00:00","15:00:00"
19,"2018-05-21","10:00:00","15:00:00"
19,"2018-05-24","10:00:00","15:00:00"
19,"2018-05-27","10:00:00","15:00:00"
19,"2018-05-28","10:00:00","15:00:00"
19,"2018-05-31","10:00:00","15:00:00"
20,"2018-05-03","10:00:00","15:00:00"
20,"2018-05-06","10:00:00","15:00:00"
20,"2018-05-07","10:00:00","15:00:00"
20,"2018-05-10","10:00:00","15:00:00"
20,"2018-05-13","10:00:00","15:00:00"
20,"2018-05-14","10:00:00","15:00:00"
20,"2018-05-17","10:00:00","15:00:00"
20,"2018-05-20","10:00:00","15:00:00"
20,"2018-05-21","10:00:00","15:00:00"
20,"2018-05-24","10:00:00","15:00:00"
20,"2018-05-27","10:00:00","15:00:00"
20,"2018-05-28","10:00:00","15:00:00"
20,"2018-05-31","10:00:00","15:00:00"
21,"2018-05-03","10:00:00","15:00:00"
21,"2018-05-06","10:00:00","15:00:00"
21,"2018-05-07","10:00:00","15:00:00"
21,"2018-05-10","10:00:00","15:00:00"
21,"2018-05-13","10:00:00","15:00:00"
21,"2018-05-14","10:00:00","15:00:00"
21,"2018-05-17","10:00:00","15:00:00"
21,"2018-05-20","10:00:00","15:00:00"
21,"2018-05-21","10:00:00","15:00:00"
21,"2018-05-24","10:00:00","15:00:00"
21,"2018-05-27","10:00:00","15:00:00"
21,"2018-05-28","10:00:00","15:00:00"
21,"2018-05-31","10:00:00","15:00:00"
22,"2018-05-03","10:00:00","15:00:00"
22,"2018-05-06","10:00:00","15:00:00"
22,"2018-05-07","10:00:00","15:00:00"
22,"2018-05-10","10:00:00","15:00:00"
22,"2018-05-13","10:00:00","15:00:00"
22,"2018-05-14","10:00:00","15:00:00"
22,"2018-05-17","10:00:00","15:00:00"
22,"2018-05-20","10:00:00","15:00:00"
22,"2018-05-21","10:00:00","15:00:00"
22,"2018-05-24","10:00:00","15:00:00"
22,"2018-05-27","10:00:00","15:00:00"
22,"2018-05-28","10:00:00","15:00:00"
22,"2018-05-31","10:00:00","15:00:00"
23,"2018-05-03","10:00:00","15:00:00"
23,"2018-05-06","10:00:00","15:00:00"
23,"2018-05-07","10:00:00","15:00:00"
23,"2018-05-10","10:00:00","15:00:00"
23,"2018-05-13","10:00:00","15:00:00"
23,"2018-05-14","10:00:00","15:00:00"
23,"2018-05-17","10:00:00","15:00:00"
23,"2018-05-20","10:00:00","15:00:00"
23,"2018-05-21","10:00:00","15:00:00"
23,"2018-05-24","10:00:00","15:00:00"
23,"2018-05-27","10:00:00","15:00:00"
23,"2018-05-28","10:00:00","15:00:00"
23,"2018-05-31","10:00:00","15:00:00"
16,"2018-06-03","10:00:00","15:00:00"
16,"2018-06-04","10:00:00","15:00:00"
16,"2018-06-07","10:00:00","15:00:00"
16,"2018-06-10","10:00:00","15:00:00"
16,"2018-06-11","10:00:00","15:00:00"
16,"2018-06-14","10:00:00","15:00:00"
16,"2018-06-17","10:00:00","15:00:00"
16,"2018-06-18","10:00:00","15:00:00"
16,"2018-06-21","10:00:00","15:00:00"
16,"2018-06-24","10:00:00","15:00:00"
16,"2018-06-25","10:00:00","15:00:00"
16,"2018-06-28","10:00:00","15:00:00"
17,"2018-06-03","10:00:00","15:00:00"
17,"2018-06-04","10:00:00","15:00:00"
17,"2018-06-07","10:00:00","15:00:00"
17,"2018-06-10","10:00:00","15:00:00"
17,"2018-06-11","10:00:00","15:00:00"
17,"2018-06-14","10:00:00","15:00:00"
17,"2018-06-17","10:00:00","15:00:00"
17,"2018-06-18","10:00:00","15:00:00"
17,"2018-06-21","10:00:00","15:00:00"
17,"2018-06-24","10:00:00","15:00:00"
17,"2018-06-25","10:00:00","15:00:00"
17,"2018-06-28","10:00:00","15:00:00"
18,"2018-06-03","10:00:00","15:00:00"
18,"2018-06-04","10:00:00","15:00:00"
18,"2018-06-07","10:00:00","15:00:00"
18,"2018-06-10","10:00:00","15:00:00"
18,"2018-06-11","10:00:00","15:00:00"
18,"2018-06-14","10:00:00","15:00:00"
18,"2018-06-17","10:00:00","15:00:00"
18,"2018-06-18","10:00:00","15:00:00"
18,"2018-06-21","10:00:00","15:00:00"
18,"2018-06-24","10:00:00","15:00:00"
18,"2018-06-25","10:00:00","15:00:00"
18,"2018-06-28","10:00:00","15:00:00"
19,"2018-06-03","10:00:00","15:00:00"
19,"2018-06-04","10:00:00","15:00:00"
19,"2018-06-07","10:00:00","15:00:00"
19,"2018-06-10","10:00:00","15:00:00"
19,"2018-06-11","10:00:00","15:00:00"
19,"2018-06-14","10:00:00","15:00:00"
19,"2018-06-17","10:00:00","15:00:00"
19,"2018-06-18","10:00:00","15:00:00"
19,"2018-06-21","10:00:00","15:00:00"
19,"2018-06-24","10:00:00","15:00:00"
19,"2018-06-25","10:00:00","15:00:00"
19,"2018-06-28","10:00:00","15:00:00"
20,"2018-06-03","10:00:00","15:00:00"
20,"2018-06-04","10:00:00","15:00:00"
20,"2018-06-07","10:00:00","15:00:00"
20,"2018-06-10","10:00:00","15:00:00"
20,"2018-06-11","10:00:00","15:00:00"
20,"2018-06-14","10:00:00","15:00:00"
20,"2018-06-17","10:00:00","15:00:00"
20,"2018-06-18","10:00:00","15:00:00"
20,"2018-06-21","10:00:00","15:00:00"
20,"2018-06-24","10:00:00","15:00:00"
20,"2018-06-25","10:00:00","15:00:00"
20,"2018-06-28","10:00:00","15:00:00"
21,"2018-06-03","10:00:00","15:00:00"
21,"2018-06-04","10:00:00","15:00:00"
21,"2018-06-07","10:00:00","15:00:00"
21,"2018-06-10","10:00:00","15:00:00"
21,"2018-06-11","10:00:00","15:00:00"
21,"2018-06-14","10:00:00","15:00:00"
21,"2018-06-17","10:00:00","15:00:00"
21,"2018-06-18","10:00:00","15:00:00"
21,"2018-06-21","10:00:00","15:00:00"
21,"2018-06-24","10:00:00","15:00:00"
21,"2018-06-25","10:00:00","15:00:00"
21,"2018-06-28","10:00:00","15:00:00"
22,"2018-06-03","10:00:00","15:00:00"
22,"2018-06-04","10:00:00","15:00:00"
22,"2018-06-07","10:00:00","15:00:00"
22,"2018-06-10","10:00:00","15:00:00"
22,"2018-06-11","10:00:00","15:00:00"
22,"2018-06-14","10:00:00","15:00:00"
22,"2018-06-17","10:00:00","15:00:00"
22,"2018-06-18","10:00:00","15:00:00"
22,"2018-06-21","10:00:00","15:00:00"
22,"2018-06-24","10:00:00","15:00:00"
22,"2018-06-25","10:00:00","15:00:00"
22,"2018-06-28","10:00:00","15:00:00"
23,"2018-06-03","10:00:00","15:00:00"
23,"2018-06-04","10:00:00","15:00:00"
23,"2018-06-07","10:00:00","15:00:00"
23,"2018-06-10","10:00:00","15:00:00"
23,"2018-06-11","10:00:00","15:00:00"
23,"2018-06-14","10:00:00","15:00:00"
23,"2018-06-17","10:00:00","15:00:00"
23,"2018-06-18","10:00:00","15:00:00"
23,"2018-06-21","10:00:00","15:00:00"
23,"2018-06-24","10:00:00","15:00:00"
23,"2018-06-25","10:00:00","15:00:00"
23,"2018-06-28","10:00:00","15:00:00"
24,"2018-05-01","10:00:00","15:00:00"
24,"2018-05-04","10:00:00","15:00:00"
24,"2018-05-07","10:00:00","15:00:00"
24,"2018-05-08","10:00:00","15:00:00"
24,"2018-05-11","10:00:00","15:00:00"
24,"2018-05-14","10:00:00","15:00:00"
24,"2018-05-15","10:00:00","15:00:00"
24,"2018-05-18","10:00:00","15:00:00"
24,"2018-05-21","10:00:00","15:00:00"
24,"2018-05-22","10:00:00","15:00:00"
24,"2018-05-25","10:00:00","15:00:00"
24,"2018-05-28","10:00:00","15:00:00"
24,"2018-05-29","10:00:00","15:00:00"
25,"2018-05-01","10:00:00","15:00:00"
25,"2018-05-04","10:00:00","15:00:00"
25,"2018-05-07","10:00:00","15:00:00"
25,"2018-05-08","10:00:00","15:00:00"
25,"2018-05-11","10:00:00","15:00:00"
25,"2018-05-14","10:00:00","15:00:00"
25,"2018-05-15","10:00:00","15:00:00"
25,"2018-05-18","10:00:00","15:00:00"
25,"2018-05-21","10:00:00","15:00:00"
25,"2018-05-22","10:00:00","15:00:00"
25,"2018-05-25","10:00:00","15:00:00"
25,"2018-05-28","10:00:00","15:00:00"
25,"2018-05-29","10:00:00","15:00:00"
26,"2018-05-01","10:00:00","15:00:00"
26,"2018-05-04","10:00:00","15:00:00"
26,"2018-05-07","10:00:00","15:00:00"
26,"2018-05-08","10:00:00","15:00:00"
26,"2018-05-11","10:00:00","15:00:00"
26,"2018-05-14","10:00:00","15:00:00"
26,"2018-05-15","10:00:00","15:00:00"
26,"2018-05-18","10:00:00","15:00:00"
26,"2018-05-21","10:00:00","15:00:00"
26,"2018-05-22","10:00:00","15:00:00"
26,"2018-05-25","10:00:00","15:00:00"
26,"2018-05-28","10:00:00","15:00:00"
26,"2018-05-29","10:00:00","15:00:00"
27,"2018-05-01","10:00:00","15:00:00"
27,"2018-05-04","10:00:00","15:00:00"
27,"2018-05-07","10:00:00","15:00:00"
27,"2018-05-08","10:00:00","15:00:00"
27,"2018-05-11","10:00:00","15:00:00"
27,"2018-05-14","10:00:00","15:00:00"
27,"2018-05-15","10:00:00","15:00:00"
27,"2018-05-18","10:00:00","15:00:00"
27,"2018-05-21","10:00:00","15:00:00"
27,"2018-05-22","10:00:00","15:00:00"
27,"2018-05-25","10:00:00","15:00:00"
27,"2018-05-28","10:00:00","15:00:00"
27,"2018-05-29","10:00:00","15:00:00"
28,"2018-05-01","10:00:00","15:00:00"
28,"2018-05-04","10:00:00","15:00:00"
28,"2018-05-07","10:00:00","15:00:00"
28,"2018-05-08","10:00:00","15:00:00"
28,"2018-05-11","10:00:00","15:00:00"
28,"2018-05-14","10:00:00","15:00:00"
28,"2018-05-15","10:00:00","15:00:00"
28,"2018-05-18","10:00:00","15:00:00"
28,"2018-05-21","10:00:00","15:00:00"
28,"2018-05-22","10:00:00","15:00:00"
28,"2018-05-25","10:00:00","15:00:00"
28,"2018-05-28","10:00:00","15:00:00"
28,"2018-05-29","10:00:00","15:00:00"
29,"2018-05-01","10:00:00","15:00:00"
29,"2018-05-04","10:00:00","15:00:00"
29,"2018-05-07","10:00:00","15:00:00"
29,"2018-05-08","10:00:00","15:00:00"
29,"2018-05-11","10:00:00","15:00:00"
29,"2018-05-14","10:00:00","15:00:00"
29,"2018-05-15","10:00:00","15:00:00"
29,"2018-05-18","10:00:00","15:00:00"
29,"2018-05-21","10:00:00","15:00:00"
29,"2018-05-22","10:00:00","15:00:00"
29,"2018-05-25","10:00:00","15:00:00"
29,"2018-05-28","10:00:00","15:00:00"
29,"2018-05-29","10:00:00","15:00:00"
30,"2018-05-01","10:00:00","15:00:00"
30,"2018-05-04","10:00:00","15:00:00"
30,"2018-05-07","10:00:00","15:00:00"
30,"2018-05-08","10:00:00","15:00:00"
30,"2018-05-11","10:00:00","15:00:00"
30,"2018-05-14","10:00:00","15:00:00"
30,"2018-05-15","10:00:00","15:00:00"
30,"2018-05-18","10:00:00","15:00:00"
30,"2018-05-21","10:00:00","15:00:00"
30,"2018-05-22","10:00:00","15:00:00"
30,"2018-05-25","10:00:00","15:00:00"
30,"2018-05-28","10:00:00","15:00:00"
30,"2018-05-29","10:00:00","15:00:00"
24,"2018-06-01","10:00:00","15:00:00"
24,"2018-06-04","10:00:00","15:00:00"
24,"2018-06-05","10:00:00","15:00:00"
24,"2018-06-08","10:00:00","15:00:00"
24,"2018-06-11","10:00:00","15:00:00"
24,"2018-06-12","10:00:00","15:00:00"
24,"2018-06-15","10:00:00","15:00:00"
24,"2018-06-18","10:00:00","15:00:00"
24,"2018-06-19","10:00:00","15:00:00"
24,"2018-06-22","10:00:00","15:00:00"
24,"2018-06-25","10:00:00","15:00:00"
24,"2018-06-26","10:00:00","15:00:00"
24,"2018-06-29","10:00:00","15:00:00"
25,"2018-06-01","10:00:00","15:00:00"
25,"2018-06-04","10:00:00","15:00:00"
25,"2018-06-05","10:00:00","15:00:00"
25,"2018-06-08","10:00:00","15:00:00"
25,"2018-06-11","10:00:00","15:00:00"
25,"2018-06-12","10:00:00","15:00:00"
25,"2018-06-15","10:00:00","15:00:00"
25,"2018-06-18","10:00:00","15:00:00"
25,"2018-06-19","10:00:00","15:00:00"
25,"2018-06-22","10:00:00","15:00:00"
25,"2018-06-25","10:00:00","15:00:00"
25,"2018-06-26","10:00:00","15:00:00"
25,"2018-06-29","10:00:00","15:00:00"
26,"2018-06-01","10:00:00","15:00:00"
26,"2018-06-04","10:00:00","15:00:00"
26,"2018-06-05","10:00:00","15:00:00"
26,"2018-06-08","10:00:00","15:00:00"
26,"2018-06-11","10:00:00","15:00:00"
26,"2018-06-12","10:00:00","15:00:00"
26,"2018-06-15","10:00:00","15:00:00"
26,"2018-06-18","10:00:00","15:00:00"
26,"2018-06-19","10:00:00","15:00:00"
26,"2018-06-22","10:00:00","15:00:00"
26,"2018-06-25","10:00:00","15:00:00"
26,"2018-06-26","10:00:00","15:00:00"
26,"2018-06-29","10:00:00","15:00:00"
27,"2018-06-01","10:00:00","15:00:00"
27,"2018-06-04","10:00:00","15:00:00"
27,"2018-06-05","10:00:00","15:00:00"
27,"2018-06-08","10:00:00","15:00:00"
27,"2018-06-11","10:00:00","15:00:00"
27,"2018-06-12","10:00:00","15:00:00"
27,"2018-06-15","10:00:00","15:00:00"
27,"2018-06-18","10:00:00","15:00:00"
27,"2018-06-19","10:00:00","15:00:00"
27,"2018-06-22","10:00:00","15:00:00"
27,"2018-06-25","10:00:00","15:00:00"
27,"2018-06-26","10:00:00","15:00:00"
27,"2018-06-29","10:00:00","15:00:00"
28,"2018-06-01","10:00:00","15:00:00"
28,"2018-06-04","10:00:00","15:00:00"
28,"2018-06-05","10:00:00","15:00:00"
28,"2018-06-08","10:00:00","15:00:00"
28,"2018-06-11","10:00:00","15:00:00"
28,"2018-06-12","10:00:00","15:00:00"
28,"2018-06-15","10:00:00","15:00:00"
28,"2018-06-18","10:00:00","15:00:00"
28,"2018-06-19","10:00:00","15:00:00"
28,"2018-06-22","10:00:00","15:00:00"
28,"2018-06-25","10:00:00","15:00:00"
28,"2018-06-26","10:00:00","15:00:00"
28,"2018-06-29","10:00:00","15:00:00"
29,"2018-06-01","10:00:00","15:00:00"
29,"2018-06-04","10:00:00","15:00:00"
29,"2018-06-05","10:00:00","15:00:00"
29,"2018-06-08","10:00:00","15:00:00"
29,"2018-06-11","10:00:00","15:00:00"
29,"2018-06-12","10:00:00","15:00:00"
29,"2018-06-15","10:00:00","15:00:00"
29,"2018-06-18","10:00:00","15:00:00"
29,"2018-06-19","10:00:00","15:00:00"
29,"2018-06-22","10:00:00","15:00:00"
29,"2018-06-25","10:00:00","15:00:00"
29,"2018-06-26","10:00:00","15:00:00"
29,"2018-06-29","10:00:00","15:00:00"
30,"2018-06-01","10:00:00","15:00:00"
30,"2018-06-04","10:00:00","15:00:00"
30,"2018-06-05","10:00:00","15:00:00"
30,"2018-06-08","10:00:00","15:00:00"
30,"2018-06-11","10:00:00","15:00:00"
30,"2018-06-12","10:00:00","15:00:00"
30,"2018-06-15","10:00:00","15:00:00"
30,"2018-06-18","10:00:00","15:00:00"
30,"2018-06-19","10:00:00","15:00:00"
30,"2018-06-22","10:00:00","15:00:00"
30,"2018-06-25","10:00:00","15:00:00"
30,"2018-06-26","10:00:00","15:00:00"
30,"2018-06-29","10:00:00","15:00:00"
